{"_id":{"$oid":"6576fdd75957deb9b5ebb05e"},"student_Code":1,"course_Code":5,"scores":[{"type":"exam","score":88.22},{"type":"quiz","score":79.28},{"type":"homework","score":18.66}]}
{"_id":{"$oid":"6576fdd75957deb9b5ebb05f"},"student_Code":1,"course_Code":2,"scores":[{"type":"exam","score":57.92},{"type":"quiz","score":21.24},{"type":"homework","score":68.19},{"type":"homework","score":67.95},{"type":"homework","score":18.81}]}
{"_id":{"$oid":"6576fdd75957deb9b5ebb060"},"student_Code":1,"course_Code":16,"scores":[{"type":"exam","score":59.18},{"type":"quiz","score":47.58},{"type":"homework","score":6.48},{"type":"homework","score":68.33},{"type":"homework","score":78.53}]}
{"_id":{"$oid":"6576fdd75957deb9b5ebb061"},"student_Code":1,"course_Code":27,"scores":[{"type":"exam","score":60.19},{"type":"quiz","score":64.15},{"type":"homework","score":82.8}]}
{"_id":{"$oid":"6576fdd75957deb9b5ebb062"},"student_Code":1,"course_Code":28,"scores":[{"type":"exam","score":39.17},{"type":"quiz","score":78.44},{"type":"quiz","score":20.81},{"type":"homework","score":70.44},{"type":"homework","score":50.66},{"type":"homework","score":53.84}]}
{"_id":{"$oid":"6576fdd75957deb9b5ebb063"},"student_Code":1,"course_Code":11,"scores":[{"type":"exam","score":58.83},{"type":"quiz","score":49.66},{"type":"homework","score":18.05},{"type":"homework","score":80.04}]}
{"_id":{"$oid":"6576fdd75957deb9b5ebb064"},"student_Code":1,"course_Code":10,"scores":[{"type":"exam","score":30.93},{"type":"quiz","score":55.98},{"type":"homework","score":55.67},{"type":"homework","score":63.15}]}
{"_id":{"$oid":"6576fdd75957deb9b5ebb065"},"course_Code":28,"student_Code":2,"average":68.38,"scores":[{"type":"exam","score":24},{"type":"quiz","score":77.89},{"type":"homework","score":68.81},{"type":"homework","score":87.88},{"type":"homework","score":83.36}]}
{"_id":{"$oid":"6576fdd75957deb9b5ebb066"},"course_Code":22,"student_Code":2,"average":26.3,"scores":[{"type":"exam","score":47.38},{"type":"quiz","score":9.96},{"type":"homework","score":22.17},{"type":"homework","score":33.76},{"type":"homework","score":18.29}]}
{"_id":{"$oid":"6576fdd75957deb9b5ebb067"},"course_Code":18,"student_Code":2,"average":55.56,"scores":[{"type":"exam","score":63},{"type":"quiz","score":69},{"type":"homework","score":34.68}]}
{"_id":{"$oid":"6576fdd75957deb9b5ebb068"},"student_Code":1,"course_Code":6,"scores":[{"type":"exam","score":56.81},{"type":"quiz","score":15.03},{"type":"homework","score":59.58},{"type":"homework","score":67.421},{"type":"homework","score":71.25},{"type":"homework","score":94.46}]}
{"_id":{"$oid":"6576fdd75957deb9b5ebb069"},"course_Code":11,"student_Code":2,"average":58.57,"scores":[{"type":"exam","score":68.93},{"type":"quiz","score":65.39},{"type":"homework","score":43.1},{"type":"homework","score":56.89}]}
{"_id":{"$oid":"6576fdd75957deb9b5ebb06a"},"course_Code":16,"student_Code":2,"average":62.3,"scores":[{"type":"exam","score":80.62},{"type":"quiz","score":40.64},{"type":"quiz","score":91.5},{"type":"homework","score":82.14},{"type":"homework","score":16.64}]}
{"_id":{"$oid":"6576fdd75957deb9b5ebb06b"},"student_Code":1,"course_Code":24,"scores":[{"type":"exam","score":4.44},{"type":"quiz","score":28.63},{"type":"homework","score":86.79},{"type":"homework","score":83.91}]}
{"_id":{"$oid":"6576fdd75957deb9b5ebb06c"},"student_Code":3,"course_Code":28,"scores":[{"type":"exam","score":70.32},{"type":"quiz","score":66.24},{"type":"homework","score":79.21},{"type":"homework","score":78.68}],"average":73.61}
{"_id":{"$oid":"6576fdd75957deb9b5ebb06d"},"student_Code":3,"course_Code":16,"scores":[{"type":"exam","score":5.23},{"type":"quiz","score":9.92},{"type":"homework","score":76.72},{"type":"homework","score":41.14},{"type":"homework","score":30.18}],"average":32.63}
{"_id":{"$oid":"6576fdd75957deb9b5ebb06e"},"student_Code":4,"course_Code":12,"scores":[{"type":"exam","score":95.99},{"type":"quiz","score":70.27},{"type":"homework","score":48.76},{"type":"homework","score":7.83}],"grade":"A"}
{"_id":{"$oid":"6576fdd75957deb9b5ebb06f"},"student_Code":1,"course_Code":7,"scores":[{"type":"exam","score":18.2},{"type":"quiz","score":60.47},{"type":"homework","score":75.62},{"type":"homework","score":72.41},{"type":"homework","score":74.06}]}
{"_id":{"$oid":"6576fdd75957deb9b5ebb070"},"student_Code":4,"course_Code":3,"scores":[{"type":"exam","score":86.25},{"type":"quiz","score":5},{"type":"homework","score":70},{"type":"homework","score":61}]}
{"_id":{"$oid":"6576fdd75957deb9b5ebb071"},"student_Code":3,"class_Code":11,"scores":[{"type":"exam","score":76},{"type":"quiz","score":47.44},{"type":"homework","score":4.73},{"type":"homework","score":92.65}],"average":55.2}
{"_id":{"$oid":"6576fdd75957deb9b5ebb072"},"student_Code":4,"class_Code":10,"scores":[{"type":"exam","score":35.47},{"type":"quiz","score":94.14},{"type":"quiz","score":58.43},{"type":"homework","score":66.83}]}
{"_id":{"$oid":"6576fdd75957deb9b5ebb073"},"student_Code":4,"course_Code":9,"scores":[{"type":"exam","score":47.71},{"type":"quiz","score":82.4},{"type":"homework","score":75.44},{"type":"homework","score":93.67},{"type":"homework","score":59.86},{"type":"homework","score":79.22}]}
{"_id":{"$oid":"6576fdd75957deb9b5ebb074"},"student_Code":4,"course_Code":28,"scores":[{"type":"exam","score":88.8},{"type":"quiz","score":42.19},{"type":"homework","score":14.97},{"type":"homework","score":39.93}]}
{"_id":{"$oid":"6576fdd75957deb9b5ebb075"},"student_Code":4,"course_Code":11,"scores":[{"type":"exam","score":95.79},{"type":"quiz","score":99.7},{"type":"homework","score":91.73},{"type":"homework","score":96.83},{"type":"homework","score":50.26}],"grade":"A"}
{"_id":{"$oid":"6576fdd75957deb9b5ebb076"},"student_Code":1,"course_Code":30,"scores":[{"type":"exam","score":14.34},{"type":"quiz","score":47.65},{"type":"homework","score":83.42},{"type":"homework","score":49.86},{"type":"homework","score":39.85}]}
{"_id":{"$oid":"6576fdd75957deb9b5ebb077"},"student_Code":4,"course_Code":7,"scores":[{"type":"exam","score":31},{"type":"quiz","score":78.15},{"type":"homework","score":40.75},{"type":"homework","score":55},{"type":"homework","score":28.21},{"type":"homework","score":31.41}]}
{"_id":{"$oid":"6576fdd75957deb9b5ebb078"},"student_Code":4,"course_Code":16,"scores":[{"type":"exam","score":5},{"type":"quiz","score":78.67},{"type":"homework","score":64.11}]}
{"_id":{"$oid":"6576fdd75957deb9b5ebb079"},"student_Code":5,"course_Code":8,"scores":[{"type":"exam","score":60.13},{"type":"quiz","score":16.49},{"type":"homework","score":20.64},{"type":"homework","score":72},{"type":"homework","score":23.97}]}
{"_id":{"$oid":"6576fdd75957deb9b5ebb07a"},"student_Code":4,"course_Code":13,"scores":[{"type":"exam","score":8.94},{"type":"quiz","score":66.81},{"type":"quiz","score":70},{"type":"homework","score":61.3},{"type":"homework","score":64.57},{"type":"homework","score":28.33}]}
{"_id":{"$oid":"6576fdd75957deb9b5ebb07b"},"student_Code":5,"course_Code":24,"scores":[{"type":"exam","score":46.17},{"type":"quiz","score":82.2},{"type":"homework","score":84.69},{"type":"homework","score":62},{"type":"homework","score":64.92},{"type":"homework","score":55.57}]}
{"_id":{"$oid":"6576fdd75957deb9b5ebb07c"},"student_Code":5,"course_Code":5,"scores":[{"type":"exam","score":5.46},{"type":"quiz","score":48.7},{"type":"homework","score":84},{"type":"homework","score":67.53},{"type":"homework","score":66.19}]}
{"_id":{"$oid":"6576fdd75957deb9b5ebb07d"},"student_Code":5,"course_Code":19,"scores":[{"type":"exam","score":91.6},{"type":"quiz","score":77.86},{"type":"homework","score":56.59},{"type":"homework","score":79.14}],"grade":"A"}
{"_id":{"$oid":"6576fdd75957deb9b5ebb07e"},"student_Code":5,"course_Code":28,"scores":[{"type":"exam","score":44.49},{"type":"quiz","score":89.45},{"type":"homework","score":43.21},{"type":"homework","score":84}]}
{"_id":{"$oid":"6576fdd75957deb9b5ebb07f"},"student_Code":5,"course_Code":11,"scores":[{"type":"exam","score":10},{"type":"quiz","score":65.75},{"type":"homework","score":73.27},{"type":"homework","score":25.56}]}
{"_id":{"$oid":"6576fdd75957deb9b5ebb080"},"student_Code":5,"course_Code":16,"scores":[{"type":"exam","score":67.5},{"type":"quiz","score":60.43},{"type":"homework","score":98.63},{"type":"homework","score":6.71},{"type":"homework","score":43.61},{"type":"homework","score":92}]}
{"_id":{"$oid":"6576fdd75957deb9b5ebb081"},"course_Code":19,"student_Code":6,"scores":[{"type":"exam","score":15.36},{"type":"quiz","score":15},{"type":"homework","score":23.96},{"type":"homework","score":72.72},{"type":"homework","score":89.7}]}
{"_id":{"$oid":"6576fdd75957deb9b5ebb082"},"course_Code":11,"student_Code":6,"scores":[{"type":"exam","score":43.64},{"type":"quiz","score":62.64},{"type":"homework","score":89.13},{"type":"homework","score":52.88}]}
{"_id":{"$oid":"6576fdd75957deb9b5ebb083"},"course_Code":30,"student_Code":6,"scores":[{"type":"exam","score":73.48},{"type":"quiz","score":75},{"type":"homework","score":86.41},{"type":"homework","score":6.27},{"type":"homework","score":98.5}]}
{"_id":{"$oid":"6576fdd75957deb9b5ebb084"},"course_Code":28,"student_Code":6,"scores":[{"type":"exam","score":73},{"type":"quiz","score":27.95},{"type":"quiz","score":22.86},{"type":"quiz","score":48.16},{"type":"homework","score":35.72}]}
{"_id":{"$oid":"6576fdd75957deb9b5ebb085"},"course_Code":8,"student_Code":6,"scores":[{"type":"exam","score":22.38},{"type":"quiz","score":61},{"type":"homework","score":95.21},{"type":"homework","score":18.58},{"type":"homework","score":36}]}
{"_id":{"$oid":"6576fdd75957deb9b5ebb086"},"course_Code":16,"student_Code":6,"scores":[{"type":"exam","score":33.39},{"type":"quiz","score":92.72},{"type":"homework","score":69.96},{"type":"homework","score":60.84}]}
{"_id":{"$oid":"6576fdd75957deb9b5ebb087"},"course_Code":23,"student_Code":6,"scores":[{"type":"exam","score":21.58},{"type":"quiz","score":3.63},{"type":"homework","score":68.24},{"type":"homework","score":9.13},{"type":"homework","score":29.69},{"type":"homework","score":78.33}]}
{"_id":{"$oid":"657cb049d93028b128f29e9c"},"student_Code":1,"course_Code":16,"scores":[{"type":"exam","score":59.18},{"type":"quiz","score":47.58},{"type":"homework","score":6.48},{"type":"homework","score":68.33},{"type":"homework","score":78.53}]}
{"_id":{"$oid":"657cb049d93028b128f29e9d"},"student_Code":1,"course_Code":2,"scores":[{"type":"exam","score":57.92},{"type":"quiz","score":21.24},{"type":"homework","score":68.19},{"type":"homework","score":67.95},{"type":"homework","score":18.81}]}
{"_id":{"$oid":"657cb049d93028b128f29e9e"},"student_Code":1,"course_Code":27,"scores":[{"type":"exam","score":60.19},{"type":"quiz","score":64.15},{"type":"homework","score":82.8}]}
{"_id":{"$oid":"657cb049d93028b128f29e9f"},"student_Code":1,"course_Code":10,"scores":[{"type":"exam","score":30.93},{"type":"quiz","score":55.98},{"type":"homework","score":55.67},{"type":"homework","score":63.15}]}
{"_id":{"$oid":"657cb049d93028b128f29ea0"},"student_Code":1,"course_Code":7,"scores":[{"type":"exam","score":18.2},{"type":"quiz","score":60.47},{"type":"homework","score":75.62},{"type":"homework","score":72.41},{"type":"homework","score":74.06}]}
{"_id":{"$oid":"657cb049d93028b128f29ea1"},"course_Code":18,"student_Code":2,"average":55.56,"scores":[{"type":"exam","score":63},{"type":"quiz","score":69},{"type":"homework","score":34.68}]}
{"_id":{"$oid":"657cb049d93028b128f29ea2"},"student_Code":1,"course_Code":11,"scores":[{"type":"exam","score":58.83},{"type":"quiz","score":49.66},{"type":"homework","score":18.05},{"type":"homework","score":80.04}]}
{"_id":{"$oid":"657cb049d93028b128f29ea3"},"course_Code":28,"student_Code":2,"average":68.38,"scores":[{"type":"exam","score":24},{"type":"quiz","score":77.89},{"type":"homework","score":68.81},{"type":"homework","score":87.88},{"type":"homework","score":83.36}]}
{"_id":{"$oid":"657cb049d93028b128f29ea4"},"student_Code":1,"course_Code":24,"scores":[{"type":"exam","score":4.44},{"type":"quiz","score":28.63},{"type":"homework","score":86.79},{"type":"homework","score":83.91}]}
{"_id":{"$oid":"657cb049d93028b128f29ea5"},"course_Code":16,"student_Code":2,"average":62.3,"scores":[{"type":"exam","score":80.62},{"type":"quiz","score":40.64},{"type":"quiz","score":91.5},{"type":"homework","score":82.14},{"type":"homework","score":16.64}]}
{"_id":{"$oid":"657cb049d93028b128f29ea6"},"student_Code":1,"course_Code":6,"scores":[{"type":"exam","score":56.81},{"type":"quiz","score":15.03},{"type":"homework","score":59.58},{"type":"homework","score":67.421},{"type":"homework","score":71.25},{"type":"homework","score":94.46}]}
{"_id":{"$oid":"657cb049d93028b128f29ea7"},"course_Code":11,"student_Code":2,"average":58.57,"scores":[{"type":"exam","score":68.93},{"type":"quiz","score":65.39},{"type":"homework","score":43.1},{"type":"homework","score":56.89}]}
{"_id":{"$oid":"657cb049d93028b128f29ea8"},"course_Code":22,"student_Code":2,"average":26.3,"scores":[{"type":"exam","score":47.38},{"type":"quiz","score":9.96},{"type":"homework","score":22.17},{"type":"homework","score":33.76},{"type":"homework","score":18.29}]}
{"_id":{"$oid":"657cb049d93028b128f29ea9"},"student_Code":3,"class_Code":11,"scores":[{"type":"exam","score":76},{"type":"quiz","score":47.44},{"type":"homework","score":4.73},{"type":"homework","score":92.65}],"average":55.2}
{"_id":{"$oid":"657cb049d93028b128f29eaa"},"student_Code":3,"course_Code":28,"scores":[{"type":"exam","score":70.32},{"type":"quiz","score":66.24},{"type":"homework","score":79.21},{"type":"homework","score":78.68}],"average":73.61}
{"_id":{"$oid":"657cb049d93028b128f29eab"},"student_Code":1,"course_Code":30,"scores":[{"type":"exam","score":14.34},{"type":"quiz","score":47.65},{"type":"homework","score":83.42},{"type":"homework","score":49.86},{"type":"homework","score":39.85}]}
{"_id":{"$oid":"657cb049d93028b128f29eac"},"student_Code":4,"class_Code":10,"scores":[{"type":"exam","score":35.47},{"type":"quiz","score":94.14},{"type":"quiz","score":58.43},{"type":"homework","score":66.83}]}
{"_id":{"$oid":"657cb049d93028b128f29ead"},"student_Code":4,"course_Code":9,"scores":[{"type":"exam","score":47.71},{"type":"quiz","score":82.4},{"type":"homework","score":75.44},{"type":"homework","score":93.67},{"type":"homework","score":59.86},{"type":"homework","score":79.22}]}
{"_id":{"$oid":"657cb049d93028b128f29eae"},"student_Code":4,"course_Code":28,"scores":[{"type":"exam","score":88.8},{"type":"quiz","score":42.19},{"type":"homework","score":14.97},{"type":"homework","score":39.93}]}
{"_id":{"$oid":"657cb049d93028b128f29eaf"},"student_Code":4,"course_Code":11,"scores":[{"type":"exam","score":95.79},{"type":"quiz","score":99.7},{"type":"homework","score":91.73},{"type":"homework","score":96.83},{"type":"homework","score":50.26}],"grade":"A"}
{"_id":{"$oid":"657cb049d93028b128f29eb0"},"student_Code":4,"course_Code":12,"scores":[{"type":"exam","score":95.99},{"type":"quiz","score":70.27},{"type":"homework","score":48.76},{"type":"homework","score":7.83}],"grade":"A"}
{"_id":{"$oid":"657cb049d93028b128f29eb1"},"student_Code":4,"course_Code":3,"scores":[{"type":"exam","score":86.25},{"type":"quiz","score":5},{"type":"homework","score":70},{"type":"homework","score":61}]}
{"_id":{"$oid":"657cb049d93028b128f29eb2"},"student_Code":1,"course_Code":28,"scores":[{"type":"exam","score":39.17},{"type":"quiz","score":78.44},{"type":"quiz","score":20.81},{"type":"homework","score":70.44},{"type":"homework","score":50.66},{"type":"homework","score":53.84}]}
{"_id":{"$oid":"657cb049d93028b128f29eb3"},"student_Code":3,"course_Code":16,"scores":[{"type":"exam","score":5.23},{"type":"quiz","score":9.92},{"type":"homework","score":76.72},{"type":"homework","score":41.14},{"type":"homework","score":30.18}],"average":32.63}
{"_id":{"$oid":"657cb049d93028b128f29eb4"},"student_Code":1,"course_Code":5,"scores":[{"type":"exam","score":88.22},{"type":"quiz","score":79.28},{"type":"homework","score":18.66}]}
{"_id":{"$oid":"657cb049d93028b128f29eb5"},"student_Code":4,"course_Code":13,"scores":[{"type":"exam","score":8.94},{"type":"quiz","score":66.81},{"type":"quiz","score":70},{"type":"homework","score":61.3},{"type":"homework","score":64.57},{"type":"homework","score":28.33}]}
{"_id":{"$oid":"657cb049d93028b128f29eb6"},"student_Code":4,"course_Code":16,"scores":[{"type":"exam","score":5},{"type":"quiz","score":78.67},{"type":"homework","score":64.11}]}
{"_id":{"$oid":"657cb049d93028b128f29eb7"},"student_Code":4,"course_Code":7,"scores":[{"type":"exam","score":31},{"type":"quiz","score":78.15},{"type":"homework","score":40.75},{"type":"homework","score":55},{"type":"homework","score":28.21},{"type":"homework","score":31.41}]}
{"_id":{"$oid":"657cb049d93028b128f29eb8"},"student_Code":5,"course_Code":5,"scores":[{"type":"exam","score":5.46},{"type":"quiz","score":48.7},{"type":"homework","score":84},{"type":"homework","score":67.53},{"type":"homework","score":66.19}]}
{"_id":{"$oid":"657cb049d93028b128f29eb9"},"student_Code":5,"course_Code":28,"scores":[{"type":"exam","score":44.49},{"type":"quiz","score":89.45},{"type":"homework","score":43.21},{"type":"homework","score":84}]}
{"_id":{"$oid":"657cb049d93028b128f29eba"},"student_Code":5,"course_Code":24,"scores":[{"type":"exam","score":46.17},{"type":"quiz","score":82.2},{"type":"homework","score":84.69},{"type":"homework","score":62},{"type":"homework","score":64.92},{"type":"homework","score":55.57}]}
{"_id":{"$oid":"657cb049d93028b128f29ebb"},"student_Code":5,"course_Code":11,"scores":[{"type":"exam","score":10},{"type":"quiz","score":65.75},{"type":"homework","score":73.27},{"type":"homework","score":25.56}]}
{"_id":{"$oid":"657cb049d93028b128f29ebc"},"student_Code":5,"course_Code":8,"scores":[{"type":"exam","score":60.13},{"type":"quiz","score":16.49},{"type":"homework","score":20.64},{"type":"homework","score":72},{"type":"homework","score":23.97}]}
{"_id":{"$oid":"657cb049d93028b128f29ebd"},"student_Code":5,"course_Code":19,"scores":[{"type":"exam","score":91.6},{"type":"quiz","score":77.86},{"type":"homework","score":56.59},{"type":"homework","score":79.14}],"grade":"A"}
{"_id":{"$oid":"657cb049d93028b128f29ebe"},"course_Code":19,"student_Code":6,"scores":[{"type":"exam","score":15.36},{"type":"quiz","score":15},{"type":"homework","score":23.96},{"type":"homework","score":72.72},{"type":"homework","score":89.7}]}
{"_id":{"$oid":"657cb049d93028b128f29ebf"},"course_Code":28,"student_Code":6,"scores":[{"type":"exam","score":73},{"type":"quiz","score":27.95},{"type":"quiz","score":22.86},{"type":"quiz","score":48.16},{"type":"homework","score":35.72}]}
{"_id":{"$oid":"657cb049d93028b128f29ec0"},"student_Code":5,"course_Code":16,"scores":[{"type":"exam","score":67.5},{"type":"quiz","score":60.43},{"type":"homework","score":98.63},{"type":"homework","score":6.71},{"type":"homework","score":43.61},{"type":"homework","score":92}]}
{"_id":{"$oid":"657cb049d93028b128f29ec1"},"course_Code":30,"student_Code":6,"scores":[{"type":"exam","score":73.48},{"type":"quiz","score":75},{"type":"homework","score":86.41},{"type":"homework","score":6.27},{"type":"homework","score":98.5}]}
{"_id":{"$oid":"657cb049d93028b128f29ec2"},"course_Code":23,"student_Code":6,"scores":[{"type":"exam","score":21.58},{"type":"quiz","score":3.63},{"type":"homework","score":68.24},{"type":"homework","score":9.13},{"type":"homework","score":29.69},{"type":"homework","score":78.33}]}
{"_id":{"$oid":"657cb049d93028b128f29ec3"},"course_Code":16,"student_Code":6,"scores":[{"type":"exam","score":33.39},{"type":"quiz","score":92.72},{"type":"homework","score":69.96},{"type":"homework","score":60.84}]}
{"_id":{"$oid":"657cb049d93028b128f29ec4"},"course_Code":11,"student_Code":6,"scores":[{"type":"exam","score":43.64},{"type":"quiz","score":62.64},{"type":"homework","score":89.13},{"type":"homework","score":52.88}]}
{"_id":{"$oid":"657cb049d93028b128f29ec5"},"course_Code":8,"student_Code":6,"scores":[{"type":"exam","score":22.38},{"type":"quiz","score":61},{"type":"homework","score":95.21},{"type":"homework","score":18.58},{"type":"homework","score":36}]}
